case_id,channel,seed,snr_db,trials,metric,value,reported_value,config,log
pdsch_coded_256qam,PDSCH,12345,25,200,ber,0,0.0000e+00,configs/pdsch_coded_256qam_seed12345.cfg,logs/pdsch_coded_256qam_seed12345.txt
pdsch_coded_256qam,PDSCH,12345,25,200,bler,0,0.0000,configs/pdsch_coded_256qam_seed12345.cfg,logs/pdsch_coded_256qam_seed12345.txt
pdsch_coded_256qam,PDSCH,12345,30,200,ber,0,0.0000e+00,configs/pdsch_coded_256qam_seed12345.cfg,logs/pdsch_coded_256qam_seed12345.txt
pdsch_coded_256qam,PDSCH,12345,30,200,bler,0,0.0000,configs/pdsch_coded_256qam_seed12345.cfg,logs/pdsch_coded_256qam_seed12345.txt
pdsch_coded_256qam,PDSCH,12345,35,200,ber,0,0.0000e+00,configs/pdsch_coded_256qam_seed12345.cfg,logs/pdsch_coded_256qam_seed12345.txt
pdsch_coded_256qam,PDSCH,12345,35,200,bler,0,0.0000,configs/pdsch_coded_256qam_seed12345.cfg,logs/pdsch_coded_256qam_seed12345.txt
pdsch_coded_256qam,PDSCH,67890,25,200,ber,0,0.0000e+00,configs/pdsch_coded_256qam_seed67890.cfg,logs/pdsch_coded_256qam_seed67890.txt
pdsch_coded_256qam,PDSCH,67890,25,200,bler,0,0.0000,configs/pdsch_coded_256qam_seed67890.cfg,logs/pdsch_coded_256qam_seed67890.txt
pdsch_coded_256qam,PDSCH,67890,30,200,ber,0,0.0000e+00,configs/pdsch_coded_256qam_seed67890.cfg,logs/pdsch_coded_256qam_seed67890.txt
pdsch_coded_256qam,PDSCH,67890,30,200,bler,0,0.0000,configs/pdsch_coded_256qam_seed67890.cfg,logs/pdsch_coded_256qam_seed67890.txt
pdsch_coded_256qam,PDSCH,67890,35,200,ber,0,0.0000e+00,configs/pdsch_coded_256qam_seed67890.cfg,logs/pdsch_coded_256qam_seed67890.txt
pdsch_coded_256qam,PDSCH,67890,35,200,bler,0,0.0000,configs/pdsch_coded_256qam_seed67890.cfg,logs/pdsch_coded_256qam_seed67890.txt
pdsch_dmrs_256qam_zf,PDSCH,12345,25,200,ber,0.00015625,1.5625e-04,configs/pdsch_dmrs_256qam_zf_seed12345.cfg,logs/pdsch_dmrs_256qam_zf_seed12345.txt
pdsch_dmrs_256qam_zf,PDSCH,12345,25,200,bler,0.08,0.0800,configs/pdsch_dmrs_256qam_zf_seed12345.cfg,logs/pdsch_dmrs_256qam_zf_seed12345.txt
pdsch_dmrs_256qam_zf,PDSCH,12345,30,200,ber,0.0000065104,6.5104e-06,configs/pdsch_dmrs_256qam_zf_seed12345.cfg,logs/pdsch_dmrs_256qam_zf_seed12345.txt
pdsch_dmrs_256qam_zf,PDSCH,12345,30,200,bler,0.005,0.0050,configs/pdsch_dmrs_256qam_zf_seed12345.cfg,logs/pdsch_dmrs_256qam_zf_seed12345.txt
pdsch_dmrs_256qam_zf,PDSCH,12345,35,200,ber,0,0.0000e+00,configs/pdsch_dmrs_256qam_zf_seed12345.cfg,logs/pdsch_dmrs_256qam_zf_seed12345.txt
pdsch_dmrs_256qam_zf,PDSCH,12345,35,200,bler,0,0.0000,configs/pdsch_dmrs_256qam_zf_seed12345.cfg,logs/pdsch_dmrs_256qam_zf_seed12345.txt
pdsch_dmrs_256qam_zf,PDSCH,67890,25,200,ber,0.00028646,2.8646e-04,configs/pdsch_dmrs_256qam_zf_seed67890.cfg,logs/pdsch_dmrs_256qam_zf_seed67890.txt
pdsch_dmrs_256qam_zf,PDSCH,67890,25,200,bler,0.095,0.0950,configs/pdsch_dmrs_256qam_zf_seed67890.cfg,logs/pdsch_dmrs_256qam_zf_seed67890.txt
pdsch_dmrs_256qam_zf,PDSCH,67890,30,200,ber,0.000013021,1.3021e-05,configs/pdsch_dmrs_256qam_zf_seed67890.cfg,logs/pdsch_dmrs_256qam_zf_seed67890.txt
pdsch_dmrs_256qam_zf,PDSCH,67890,30,200,bler,0.01,0.0100,configs/pdsch_dmrs_256qam_zf_seed67890.cfg,logs/pdsch_dmrs_256qam_zf_seed67890.txt
pdsch_dmrs_256qam_zf,PDSCH,67890,35,200,ber,0,0.0000e+00,configs/pdsch_dmrs_256qam_zf_seed67890.cfg,logs/pdsch_dmrs_256qam_zf_seed67890.txt
pdsch_dmrs_256qam_zf,PDSCH,67890,35,200,bler,0,0.0000,configs/pdsch_dmrs_256qam_zf_seed67890.cfg,logs/pdsch_dmrs_256qam_zf_seed67890.txt
pusch_tp0_256qam_zf,PUSCH,12345,25,200,ber,0.00029948,2.9948e-04,configs/pusch_tp0_256qam_zf_seed12345.cfg,logs/pusch_tp0_256qam_zf_seed12345.txt
pusch_tp0_256qam_zf,PUSCH,12345,25,200,bler,0.12,0.1200,configs/pusch_tp0_256qam_zf_seed12345.cfg,logs/pusch_tp0_256qam_zf_seed12345.txt
pusch_tp0_256qam_zf,PUSCH,12345,30,200,ber,0,0.0000e+00,configs/pusch_tp0_256qam_zf_seed12345.cfg,logs/pusch_tp0_256qam_zf_seed12345.txt
pusch_tp0_256qam_zf,PUSCH,12345,30,200,bler,0,0.0000,configs/pusch_tp0_256qam_zf_seed12345.cfg,logs/pusch_tp0_256qam_zf_seed12345.txt
pusch_tp0_256qam_zf,PUSCH,12345,35,200,ber,0,0.0000e+00,configs/pusch_tp0_256qam_zf_seed12345.cfg,logs/pusch_tp0_256qam_zf_seed12345.txt
pusch_tp0_256qam_zf,PUSCH,12345,35,200,bler,0,0.0000,configs/pusch_tp0_256qam_zf_seed12345.cfg,logs/pusch_tp0_256qam_zf_seed12345.txt
pusch_tp0_256qam_zf,PUSCH,67890,25,200,ber,0.00022135,2.2135e-04,configs/pusch_tp0_256qam_zf_seed67890.cfg,logs/pusch_tp0_256qam_zf_seed67890.txt
pusch_tp0_256qam_zf,PUSCH,67890,25,200,bler,0.11,0.1100,configs/pusch_tp0_256qam_zf_seed67890.cfg,logs/pusch_tp0_256qam_zf_seed67890.txt
pusch_tp0_256qam_zf,PUSCH,67890,30,200,ber,0.000019531,1.9531e-05,configs/pusch_tp0_256qam_zf_seed67890.cfg,logs/pusch_tp0_256qam_zf_seed67890.txt
pusch_tp0_256qam_zf,PUSCH,67890,30,200,bler,0.015,0.0150,configs/pusch_tp0_256qam_zf_seed67890.cfg,logs/pusch_tp0_256qam_zf_seed67890.txt
pusch_tp0_256qam_zf,PUSCH,67890,35,200,ber,0,0.0000e+00,configs/pusch_tp0_256qam_zf_seed67890.cfg,logs/pusch_tp0_256qam_zf_seed67890.txt
pusch_tp0_256qam_zf,PUSCH,67890,35,200,bler,0,0.0000,configs/pusch_tp0_256qam_zf_seed67890.cfg,logs/pusch_tp0_256qam_zf_seed67890.txt
pusch_tp1_256qam_zf,PUSCH,12345,25,200,ber,0.0002474,2.4740e-04,configs/pusch_tp1_256qam_zf_seed12345.cfg,logs/pusch_tp1_256qam_zf_seed12345.txt
pusch_tp1_256qam_zf,PUSCH,12345,25,200,bler,0.09,0.0900,configs/pusch_tp1_256qam_zf_seed12345.cfg,logs/pusch_tp1_256qam_zf_seed12345.txt
pusch_tp1_256qam_zf,PUSCH,12345,30,200,ber,0,0.0000e+00,configs/pusch_tp1_256qam_zf_seed12345.cfg,logs/pusch_tp1_256qam_zf_seed12345.txt
pusch_tp1_256qam_zf,PUSCH,12345,30,200,bler,0,0.0000,configs/pusch_tp1_256qam_zf_seed12345.cfg,logs/pusch_tp1_256qam_zf_seed12345.txt
pusch_tp1_256qam_zf,PUSCH,12345,35,200,ber,0,0.0000e+00,configs/pusch_tp1_256qam_zf_seed12345.cfg,logs/pusch_tp1_256qam_zf_seed12345.txt
pusch_tp1_256qam_zf,PUSCH,12345,35,200,bler,0,0.0000,configs/pusch_tp1_256qam_zf_seed12345.cfg,logs/pusch_tp1_256qam_zf_seed12345.txt
pusch_tp1_256qam_zf,PUSCH,67890,25,200,ber,0.00014974,1.4974e-04,configs/pusch_tp1_256qam_zf_seed67890.cfg,logs/pusch_tp1_256qam_zf_seed67890.txt
pusch_tp1_256qam_zf,PUSCH,67890,25,200,bler,0.06,0.0600,configs/pusch_tp1_256qam_zf_seed67890.cfg,logs/pusch_tp1_256qam_zf_seed67890.txt
pusch_tp1_256qam_zf,PUSCH,67890,30,200,ber,0.0000065104,6.5104e-06,configs/pusch_tp1_256qam_zf_seed67890.cfg,logs/pusch_tp1_256qam_zf_seed67890.txt
pusch_tp1_256qam_zf,PUSCH,67890,30,200,bler,0.005,0.0050,configs/pusch_tp1_256qam_zf_seed67890.cfg,logs/pusch_tp1_256qam_zf_seed67890.txt
pusch_tp1_256qam_zf,PUSCH,67890,35,200,ber,0,0.0000e+00,configs/pusch_tp1_256qam_zf_seed67890.cfg,logs/pusch_tp1_256qam_zf_seed67890.txt
pusch_tp1_256qam_zf,PUSCH,67890,35,200,bler,0,0.0000,configs/pusch_tp1_256qam_zf_seed67890.cfg,logs/pusch_tp1_256qam_zf_seed67890.txt
pdsch_dmrs_256qam_mmse,PDSCH,12345,25,200,ber,0.00016276,1.6276e-04,configs/pdsch_dmrs_256qam_mmse_seed12345.cfg,logs/pdsch_dmrs_256qam_mmse_seed12345.txt
pdsch_dmrs_256qam_mmse,PDSCH,12345,25,200,bler,0.08,0.0800,configs/pdsch_dmrs_256qam_mmse_seed12345.cfg,logs/pdsch_dmrs_256qam_mmse_seed12345.txt
pdsch_dmrs_256qam_mmse,PDSCH,12345,30,200,ber,0.0000065104,6.5104e-06,configs/pdsch_dmrs_256qam_mmse_seed12345.cfg,logs/pdsch_dmrs_256qam_mmse_seed12345.txt
pdsch_dmrs_256qam_mmse,PDSCH,12345,30,200,bler,0.005,0.0050,configs/pdsch_dmrs_256qam_mmse_seed12345.cfg,logs/pdsch_dmrs_256qam_mmse_seed12345.txt
pdsch_dmrs_256qam_mmse,PDSCH,12345,35,200,ber,0,0.0000e+00,configs/pdsch_dmrs_256qam_mmse_seed12345.cfg,logs/pdsch_dmrs_256qam_mmse_seed12345.txt
pdsch_dmrs_256qam_mmse,PDSCH,12345,35,200,bler,0,0.0000,configs/pdsch_dmrs_256qam_mmse_seed12345.cfg,logs/pdsch_dmrs_256qam_mmse_seed12345.txt
pdsch_dmrs_256qam_mmse,PDSCH,67890,25,200,ber,0.00029948,2.9948e-04,configs/pdsch_dmrs_256qam_mmse_seed67890.cfg,logs/pdsch_dmrs_256qam_mmse_seed67890.txt
pdsch_dmrs_256qam_mmse,PDSCH,67890,25,200,bler,0.1,0.1000,configs/pdsch_dmrs_256qam_mmse_seed67890.cfg,logs/pdsch_dmrs_256qam_mmse_seed67890.txt
pdsch_dmrs_256qam_mmse,PDSCH,67890,30,200,ber,0.000013021,1.3021e-05,configs/pdsch_dmrs_256qam_mmse_seed67890.cfg,logs/pdsch_dmrs_256qam_mmse_seed67890.txt
pdsch_dmrs_256qam_mmse,PDSCH,67890,30,200,bler,0.01,0.0100,configs/pdsch_dmrs_256qam_mmse_seed67890.cfg,logs/pdsch_dmrs_256qam_mmse_seed67890.txt
pdsch_dmrs_256qam_mmse,PDSCH,67890,35,200,ber,0,0.0000e+00,configs/pdsch_dmrs_256qam_mmse_seed67890.cfg,logs/pdsch_dmrs_256qam_mmse_seed67890.txt
pdsch_dmrs_256qam_mmse,PDSCH,67890,35,200,bler,0,0.0000,configs/pdsch_dmrs_256qam_mmse_seed67890.cfg,logs/pdsch_dmrs_256qam_mmse_seed67890.txt
pusch_tp0_256qam_mmse,PUSCH,12345,25,200,ber,0.00027344,2.7344e-04,configs/pusch_tp0_256qam_mmse_seed12345.cfg,logs/pusch_tp0_256qam_mmse_seed12345.txt
pusch_tp0_256qam_mmse,PUSCH,12345,25,200,bler,0.11,0.1100,configs/pusch_tp0_256qam_mmse_seed12345.cfg,logs/pusch_tp0_256qam_mmse_seed12345.txt
pusch_tp0_256qam_mmse,PUSCH,12345,30,200,ber,0,0.0000e+00,configs/pusch_tp0_256qam_mmse_seed12345.cfg,logs/pusch_tp0_256qam_mmse_seed12345.txt
pusch_tp0_256qam_mmse,PUSCH,12345,30,200,bler,0,0.0000,configs/pusch_tp0_256qam_mmse_seed12345.cfg,logs/pusch_tp0_256qam_mmse_seed12345.txt
pusch_tp0_256qam_mmse,PUSCH,12345,35,200,ber,0,0.0000e+00,configs/pusch_tp0_256qam_mmse_seed12345.cfg,logs/pusch_tp0_256qam_mmse_seed12345.txt
pusch_tp0_256qam_mmse,PUSCH,12345,35,200,bler,0,0.0000,configs/pusch_tp0_256qam_mmse_seed12345.cfg,logs/pusch_tp0_256qam_mmse_seed12345.txt
pusch_tp0_256qam_mmse,PUSCH,67890,25,200,ber,0.00022786,2.2786e-04,configs/pusch_tp0_256qam_mmse_seed67890.cfg,logs/pusch_tp0_256qam_mmse_seed67890.txt
pusch_tp0_256qam_mmse,PUSCH,67890,25,200,bler,0.115,0.1150,configs/pusch_tp0_256qam_mmse_seed67890.cfg,logs/pusch_tp0_256qam_mmse_seed67890.txt
pusch_tp0_256qam_mmse,PUSCH,67890,30,200,ber,0.000019531,1.9531e-05,configs/pusch_tp0_256qam_mmse_seed67890.cfg,logs/pusch_tp0_256qam_mmse_seed67890.txt
pusch_tp0_256qam_mmse,PUSCH,67890,30,200,bler,0.015,0.0150,configs/pusch_tp0_256qam_mmse_seed67890.cfg,logs/pusch_tp0_256qam_mmse_seed67890.txt
pusch_tp0_256qam_mmse,PUSCH,67890,35,200,ber,0,0.0000e+00,configs/pusch_tp0_256qam_mmse_seed67890.cfg,logs/pusch_tp0_256qam_mmse_seed67890.txt
pusch_tp0_256qam_mmse,PUSCH,67890,35,200,bler,0,0.0000,configs/pusch_tp0_256qam_mmse_seed67890.cfg,logs/pusch_tp0_256qam_mmse_seed67890.txt
pusch_tp1_256qam_mmse,PUSCH,12345,25,200,ber,0.00025391,2.5391e-04,configs/pusch_tp1_256qam_mmse_seed12345.cfg,logs/pusch_tp1_256qam_mmse_seed12345.txt
pusch_tp1_256qam_mmse,PUSCH,12345,25,200,bler,0.09,0.0900,configs/pusch_tp1_256qam_mmse_seed12345.cfg,logs/pusch_tp1_256qam_mmse_seed12345.txt
pusch_tp1_256qam_mmse,PUSCH,12345,30,200,ber,0,0.0000e+00,configs/pusch_tp1_256qam_mmse_seed12345.cfg,logs/pusch_tp1_256qam_mmse_seed12345.txt
pusch_tp1_256qam_mmse,PUSCH,12345,30,200,bler,0,0.0000,configs/pusch_tp1_256qam_mmse_seed12345.cfg,logs/pusch_tp1_256qam_mmse_seed12345.txt
pusch_tp1_256qam_mmse,PUSCH,12345,35,200,ber,0,0.0000e+00,configs/pusch_tp1_256qam_mmse_seed12345.cfg,logs/pusch_tp1_256qam_mmse_seed12345.txt
pusch_tp1_256qam_mmse,PUSCH,12345,35,200,bler,0,0.0000,configs/pusch_tp1_256qam_mmse_seed12345.cfg,logs/pusch_tp1_256qam_mmse_seed12345.txt
pusch_tp1_256qam_mmse,PUSCH,67890,25,200,ber,0.00014974,1.4974e-04,configs/pusch_tp1_256qam_mmse_seed67890.cfg,logs/pusch_tp1_256qam_mmse_seed67890.txt
pusch_tp1_256qam_mmse,PUSCH,67890,25,200,bler,0.06,0.0600,configs/pusch_tp1_256qam_mmse_seed67890.cfg,logs/pusch_tp1_256qam_mmse_seed67890.txt
pusch_tp1_256qam_mmse,PUSCH,67890,30,200,ber,0.0000065104,6.5104e-06,configs/pusch_tp1_256qam_mmse_seed67890.cfg,logs/pusch_tp1_256qam_mmse_seed67890.txt
pusch_tp1_256qam_mmse,PUSCH,67890,30,200,bler,0.005,0.0050,configs/pusch_tp1_256qam_mmse_seed67890.cfg,logs/pusch_tp1_256qam_mmse_seed67890.txt
pusch_tp1_256qam_mmse,PUSCH,67890,35,200,ber,0,0.0000e+00,configs/pusch_tp1_256qam_mmse_seed67890.cfg,logs/pusch_tp1_256qam_mmse_seed67890.txt
pusch_tp1_256qam_mmse,PUSCH,67890,35,200,bler,0,0.0000,configs/pusch_tp1_256qam_mmse_seed67890.cfg,logs/pusch_tp1_256qam_mmse_seed67890.txt
ber_256qam,BER,12345,25,200,ber,0,0.0000e+00,configs/ber_256qam_seed12345.cfg,logs/ber_256qam_seed12345.txt
ber_256qam,BER,12345,25,200,bler,0,0.0000,configs/ber_256qam_seed12345.cfg,logs/ber_256qam_seed12345.txt
ber_256qam,BER,12345,30,200,ber,0,0.0000e+00,configs/ber_256qam_seed12345.cfg,logs/ber_256qam_seed12345.txt
ber_256qam,BER,12345,30,200,bler,0,0.0000,configs/ber_256qam_seed12345.cfg,logs/ber_256qam_seed12345.txt
ber_256qam,BER,12345,35,200,ber,0,0.0000e+00,configs/ber_256qam_seed12345.cfg,logs/ber_256qam_seed12345.txt
ber_256qam,BER,12345,35,200,bler,0,0.0000,configs/ber_256qam_seed12345.cfg,logs/ber_256qam_seed12345.txt
ber_256qam,BER,67890,25,200,ber,0,0.0000e+00,configs/ber_256qam_seed67890.cfg,logs/ber_256qam_seed67890.txt
ber_256qam,BER,67890,25,200,bler,0,0.0000,configs/ber_256qam_seed67890.cfg,logs/ber_256qam_seed67890.txt
ber_256qam,BER,67890,30,200,ber,0,0.0000e+00,configs/ber_256qam_seed67890.cfg,logs/ber_256qam_seed67890.txt
ber_256qam,BER,67890,30,200,bler,0,0.0000,configs/ber_256qam_seed67890.cfg,logs/ber_256qam_seed67890.txt
ber_256qam,BER,67890,35,200,ber,0,0.0000e+00,configs/ber_256qam_seed67890.cfg,logs/ber_256qam_seed67890.txt
ber_256qam,BER,67890,35,200,bler,0,0.0000,configs/ber_256qam_seed67890.cfg,logs/ber_256qam_seed67890.txt
